{
  "nodes": {
    "prompt#2": {
      "contentWidth": 450,
      "rfNode": {
        "position": {
          "x": 578.3499940807073,
          "y": 179.18855113094298
        }
      },
      "sections": {
        "inputs": {
          "collapsed": {
            "template": {
              "[]": false
            }
          }
        }
      }
    },
    "model#1": {
      "contentWidth": 450,
      "rfNode": {
        "position": {
          "x": 1086.0565857796532,
          "y": 179.18855113094298
        }
      }
    },
    "string-output#2": {
      "contentWidth": 350,
      "rfNode": {
        "position": {
          "x": 1603.3467727678471,
          "y": 179.18855113094298
        }
      }
    },
    "chain#2": {
      "contentWidth": 450,
      "rfNode": {
        "position": {
          "x": 2042.3682610835472,
          "y": 363.84909727025615
        }
      },
      "sections": {
        "inputs": {
          "collapsed": {
            "params": {}
          }
        }
      }
    },
    "markdown-preview#1": {
      "contentWidth": 450,
      "rfNode": {
        "position": {
          "x": 2566.968716505872,
          "y": 363.84909727025615
        }
      }
    },
    "+python#1": {
      "contentWidth": 313.7510615549139,
      "rfNode": {
        "position": {
          "x": 1603.3467727678471,
          "y": 484.70072992283497
        }
      },
      "sections": {
        "scriptlet": {
          "manualHeight": 60.90476719798582
        }
      }
    }
  }
}