{
  "nodes": {
    "prompt#2": {
      "contentWidth": 450,
      "rfNode": {
        "position": {
          "x": 578.3499940807073,
          "y": 179.18855113094298
        }
      },
      "sections": {
        "inputs": {
          "collapsed": {
            "template": {
              "[]": false
            }
          }
        }
      }
    },
    "model#1": {
      "contentWidth": 450,
      "rfNode": {
        "position": {
          "x": 1086.0565857796532,
          "y": 179.18855113094298
        }
      }
    },
    "string-output#2": {
      "contentWidth": 450,
      "rfNode": {
        "position": {
          "x": 1603.3467727678471,
          "y": 179.18855113094298
        }
      }
    },
    "chain#2": {
      "contentWidth": 450,
      "rfNode": {
        "position": {
          "x": 2135.7260765262945,
          "y": 387.188551130943
        }
      },
      "sections": {
        "inputs": {
          "collapsed": {
            "params": {}
          }
        }
      }
    },
    "markdown-preview#1": {
      "contentWidth": 450,
      "rfNode": {
        "position": {
          "x": 2660.3265319486195,
          "y": 387.188551130943
        }
      }
    },
    "+python#1": {
      "contentWidth": 626.5398715115932,
      "rfNode": {
        "position": {
          "x": 1433.7444438526295,
          "y": 615.1270897325555
        }
      }
    }
  }
}