{
  "nodes": {
    "prompt-repo-id-template#2": {
      "contentWidth": 350,
      "rfNode": {
        "position": {
          "x": 511.94670413426286,
          "y": 214.1466639904098
        }
      }
    }
  }
}