{
  "nodes": {
    "prompt-repo-id-template#2": {
      "contentWidth": 350,
      "rfNode": {
        "position": {
          "x": 2035.194062318003,
          "y": 451.78109916323
        }
      }
    },
    "model#1": {
      "contentWidth": 450,
      "rfNode": {
        "position": {
          "x": 2448.275497708394,
          "y": 451.78109916323
        }
      }
    },
    "string-output#2": {
      "contentWidth": 350,
      "rfNode": {
        "position": {
          "x": 2944.2488497755257,
          "y": 451.78109916323
        }
      }
    },
    "chain#1": {
      "contentWidth": 350,
      "rfNode": {
        "position": {
          "x": 3346.9214159029116,
          "y": 451.78109916323
        }
      }
    },
    "markdown-preview#1": {
      "contentWidth": 450,
      "rfNode": {
        "position": {
          "x": 3732.3302851659164,
          "y": 451.78109916323
        }
      }
    },
    "+python#1": {
      "contentWidth": 511.37422130060236,
      "rfNode": {
        "position": {
          "x": 1469.8263495610051,
          "y": 451.78109916323
        }
      }
    },
    "chroma-retriever#2": {
      "rfNode": {
        "position": {
          "x": 974.0296876774462,
          "y": 451.78109916323
        }
      }
    },
    "local-embeddings#1": {
      "contentWidth": 350,
      "rfNode": {
        "position": {
          "x": 553.1784331334936,
          "y": 686.78109916323
        }
      },
      "sections": {
        "inputs": {
          "collapsed": {
            "query_template": {
              "[]": true
            }
          }
        }
      }
    }
  }
}